Competency Title,Notation,Competency Definition,,,,
Accessibility,,"Knowledge of tools, equipment, and technologies used to help individuals with disabilities use computer equipment and software.",,,,
Accident Investigation,,"Knowledge of guidelines, regulations, and procedures associated with an accident investigation including preservation of accident scene, root cause analysis, and evidence detection and handling.",,,,
Accountability,,"Holds self and others accountable for measurable high-quality, timely, and cost-effective results. Determines objectives, sets priorities, and delegates work. Accepts responsibility for mistakes. Complies with established control systems and rules.",,,,
Accounting,,"Knowledge of traditional accounting practices including accrual, obligations, and costs methods.",,,,
Accounting Operations,,"Knowledge of general ledger accounting and the control/subsidiary account relationships and reconciliation techniques, including accounts receivable, accounts payable, and disbursing officer's accountability.",,,,
Acquisition Strategy,,"Knowledge of the principles and methods for developing an integrated acquisition management plan that describes the business, technical, and support strategies, including the relationship between the acquisition phases, work efforts, and key program events (for example, decision points, contract awards, test activities).",,,,
Administration and Management,,"Knowledge of planning, coordination, and execution of business functions, resource allocation, and production.",,,,
Administrative Law,,"Knowledge of state and Federal administrative laws, including procedures, regulations, guidelines, and precedents related to case preparation and settlements.",,,,
Aerospace Engineering,,"Knowledge of the concepts, principles, and theories of aerodynamics or space environments related to the design, development, testing, analysis, application, and utilization of aerospace and aeronautical devices, vehicles, systems, and equipment.",,,,
Agility,,"Bends, stretches, twists, or reaches out with the body, arms, or legs.",,,,
Aircraft Maintenance,,"Knowledge of aircraft engines, parts, and systems, including their designs, uses, repair, and maintenance.",,,,
Ammunition and Explosives,,"Knowledge of ammunition and explosives and their uses, interactions, dangers, production, handling, storage, and disposal.",,,,
Animal Husbandry,,"Knowledge of the care and handling of animals, including feeding, controlling, restraint, health, and reproduction.",,,,
Applies Technology to Tasks,,"Selects and understands procedures, machines, or tools that will produce the desired results; identifies or solves problems in machines, computers, or other technologies as they are related to performing tasks.",,,,
Architecture,,"Knowledge of the concepts, principles, theories, and practices used in the planning, design, construction, and maintenance of buildings or other structures, taking into consideration aesthetic and functional concerns.",,,,
Arithmetic,,"Performs computations such as addition, subtraction, multiplication, and division correctly using whole numbers, fractions, decimals, and percentages.",,,,
Arithmetic/Mathematical Reasoning,,"Performs computations such as addition, subtraction, multiplication, and division correctly; solves practical problems by choosing appropriately from a variety of mathematical techniques such as formulas and percentages.""",,,,
Arrest,,"Knowledge of the laws, principles, and procedures used in apprehending a criminal suspect, including polices for pursuit and proper use of force and capture such as Miranda rights.",,,,
Artificial Intelligence,,"Knowledge of the principles, methods, and tools used to design systems that perform human intelligence functions.",,,,
Astronomy,,"Knowledge of the concepts, principles, and theories of the physical processes leading to the emission of electromagnetic radiation or particles from celestial bodies, the measurement and physical characteristics of celestial bodies, including cosmic microwave background, submillimeter technology, galaxies, star formations, and planetary science.",,,,
Attention to Detail,,Is thorough when performing work and conscientious about attending to detail.,,,,
Audit Reporting,,"Knowledge of the principles, practices, and techniques used to report audit findings (criteria, condition, cause, effect, and recommendation).",,,,
Auditing,,"Knowledge of generally accepted auditing standards and procedures for conducting financial and compliance, economy and efficiency, and program audits.",,,,
Biology,,"Knowledge of the environment, plant and animal living tissue, cells, organisms, and entities, including their functions, interdependencies and interactions with each other and the environment.",,,,
Botany,,"Knowledge of the concepts, principles, and theories of plants, including structures and functions, classification, taxonomy, plant communities, distribution, habitat requirements, life histories, reproduction, conservation, and care of plant species.",,,,
Budget Administration,,"Knowledge of the principles and practices of budget administration and analysis; including preparing, justifying, reporting on, and executing the budget; and the relationships among program, budget, accounting, and reporting systems.",,,,
Building and Construction,,"Knowledge of materials, methods, and the tools to construct objects, structures, and buildings.",,,,
Business Process Reengineering,,"Knowledge of methods, metrics, tools, and techniques of Business Process Reengineering.",,,,
Capacity Management,,"Knowledge of the principles and methods for monitoring, estimating, or reporting actual performance or the performance capability of information systems or components.",,,,
Capital Planning and Investment Assessment,,"Knowledge of the principles and methods of capital investment analysis or business case analysis, including return on investment analysis.",,,,
Carpentry/Woodworking,,"Knowledge of materials, methods, and the appropriate tools to construct, install, finish, or repair wooden objects or structures.",,,,
Cartography,,"Knowledge of the concepts, principles, theories, and methods related to the research, design, development, or revision of maps, charts, and related cartographic products, and photogrammatic and cartographic processing.",,,,
Change Management,,"Knowledge of change management principles, strategies, and techniques required for effectively planning, implementing, and evaluating change in the organization.",,,,
Chemical Engineering,,"Knowledge of the concepts, principles, and theories related to the chemical composition or physical characteristics of materials for the design, construction, operation, and improvement of processes or systems.",,,,
Chemistry (*),(*),"Knowledge of the concepts, principles, and theories of the composition, structure, and properties of substances, and of the chemical processes and transformations, including uses of chemicals and their interactions, danger signs, production techniques, and disposal methods.",,,,
Chemistry (†),(†),"Knowledge of chemicals, including hazardous materials, and their uses, interactions, dangers, production, storage, and disposal.",,,,
Civil Engineering,,"Knowledge of the concepts, principles, theories, and methods required to plan, design, construct, operate, and maintain facilities such as buildings, transportation systems, water and sanitary systems, and other public works systems.",,,,
Classification,,"Knowledge of classification concepts, principles, and practices related to structuring organizations and positions and determining the appropriate pay system, occupational grouping, title, and pay level of positions.",,,,
Clerical,,"Knowledge of filing, typing, entering data, maintaining records, taking shorthand, and using and completing forms.",,,,
Client Engagement/Change Management,,"Knowledge of the impact of change on people, processes, procedures, leadership, and organizational culture; knowledge of change management principles, strategies, and techniques required for effectively planning, implementing, and evaluating change in the organization.",,,,
Communications and Media,,"Knowledge of the production, communication and dissemination of information and ideas to inform and entertain via written, oral, and visual media.",,,,
Communications Security Management,,"Knowledge of the principles, policies, and procedures involved in ensuring the security of communications services and data, and in maintaining the communications environment on which it resides.",,,,
Compensation,,"Knowledge of compensation concepts, principles, and practices, including pay and leave administration and compensation flexibilities.",,,,
Compliance,,"Knowledge of procedures for assessing, evaluating, and monitoring programs or projects for compliance with Federal laws, regulations, and guidance.",,,,
Compliance Inspection,,"Knowledge of the guidelines, regulations, and procedures associated with compliance inquiries, including application of compliance rules and criteria and ability to make appropriate decisions and issue citations, fines, or orders.",,,,
Computer Forensics,,Knowledge of tools and techniques used in data recovery and preservation of electronic evidence.,,,,
Computer Languages,,Knowledge of computer languages and their applications to enable a system to perform specific functions.,,,,
Computer Network Defense,,"Knowledge of defensive measures to detect, respond, and protect information, information systems, and networks from threats.",,,,
Computer Skills,,"Uses computers, software applications, databases, and automated systems to accomplish work.",,,,
Computers,,"Knowledge of circuit boards, processors, chips, and computer hardware and software, including applications and programming.",,,,
Computers and Electronics,,"Knowledge of electric circuit boards, processors, chips, and computer hardware and software, including applications and programming.",,,,
Configuration Management,,"Knowledge of the principles and methods for planning or managing the implementation, update, or integration of information systems components.",,,,
Conflict Management (*),(*),"Manages and resolves conflicts, grievances, confrontations, or disagreements in a constructive manner to minimize negative personal impact.",,,,
Conflict Management (‡),(‡),Encourages creative tension and differences of opinions.  Anticipates and takes steps to prevent counter-productive confrontations. Manages and resolves conflicts and disagreements in a constructive manner.,,,,
Conscientiousness,,Displays a high level of effort and commitment towards performing work, demonstrates responsible behavior.,,,
Constitutional Law,,Knowledge of the laws and legal precedents related to the U.S. Constitution.,,,,
Continual Learning,,Assesses and recognizes own strengths and weaknesses, pursues self-development.,,,
Contracting/Procurement,,"Knowledge of various types of contracts, techniques, or requirements (for example, Federal Acquisitions Regulations) for contracting or procurement, and contract negotiation and administration.",,,,
Control of Funds,,"Knowledge of the principles, procedures, and requirements for maintaining control and accountability of obligations and expenditures for all appropriations and fund accounts (for example, revolving, non-appropriated, multiyear, and single-year appropriations).",,,,
Cost Accounting,,"Knowledge of the principles, procedures, and methods of cost accounting, including the use of historical cost, market value, or present value to measure cost; methods for assigning cost to accounting periods; and cost allocation, cost accrual, depreciation, and unit cost.",,,,
Cost Estimation and Analysis,,"Knowledge of the principles, practices, and methods used to determine, estimate, and analyze costs, including determining life cycle costs, application of cost models, and evaluation of cost realism.",,,,
Cost-Benefit Analysis,,"Knowledge of the principles and methods of cost-benefit analysis, including the time value of money, present value concepts, and quantifying tangible and intangible benefits.",,,,
Creative Thinking (*),(*),Uses imagination to develop new insights into situations and applies innovative solutions to problems, designs new methods where established methods and procedures are inapplicable or are unavailable.,,,
Creative Thinking (†),(†),Uses imagination to develop new insights into situations and applies new solutions to problems, designs new methods where established methods and procedures are not suitable or are unavailable.,,,
Creativity and Innovation,,Develops new insights into situations, questions conventional approaches, encourages new ideas and innovations, designs and implements new or cutting edge programs/processes.,
Criminal Investigation,,"Knowledge of the guidelines, regulations, and procedures associated with criminal investigation, including evidence detection and handling and drawing appropriate factual inferences and conclusions.",,,,
Criminal Law,,"Knowledge of state and Federal criminal laws, including procedures, regulations, guidelines, and precedents related to admissibility of evidence and prosecution.",,,,
Customer Service (*),(*),"Works with clients and customers (that is, any individuals who use or receive the services or products that your work unit produces, including the general public, individuals who work in the agency, other agencies, or organizations outside the Government) to assess their needs, provide information or assistance, resolve their problems, or satisfy their expectations; knows about available products and services; is committed to providing quality products and services.",,,,
Customer Service (‡),(‡),Anticipates and meets the needs of both internal and external customers. Delivers high-quality products and services, is committed to continuous improvement.,,,
Cutting,,"Knowledge of meat cutting, including the grades and structure of meat, fish, or poultry.",,,,
Data Management,,"Knowledge of the principles, procedures, and tools of data management, such as modeling techniques, data backup, data recovery, data dictionaries, data warehousing, data mining, data archiving, data disposal, and data standardization processes.",,,,
Data Systems,,"Knowledge of computer hardware and software development and systems as they apply to the conception, specification, analysis, planning, development, installation, test, modification and use of data handling and computing systems in support of aerospace flight and ground systems.",,,,
Database Administration,,"Knowledge of the principles, methods, and tools for automating, developing, implementing, or administering database systems.",,,,
Database Management Systems,,"Knowledge of the uses of database management systems and software to control the organization, storage, retrieval, security, and integrity of data.",,,,
Decision Making,,"Makes sound, well-informed, and objective decisions; perceives the impact and implications of decisions; commits to action, even in uncertain situations, to accomplish organizational goals; causes change.",,,,
Decision Support,,"Knowledge of decision support theories, methods, and tools for identifying, synthesizing, representing, and evaluating the important aspects of a decision situation and prescribing the recommended course for decision makers and other stakeholders.",,,,
Decisiveness,,"Makes well-informed, effective, and timely decisions, even when data are limited or solutions produce unpleasant consequences; perceives the impact and implications of decisions.",,,,
Depth Perception,,"Accurately judges which of several objects is closer or farther away from the observer, or the distance between an object and the observer.",,,,
Design,,"Knowledge of conceptualizing, developing, producing, understanding, and using plans, models, blueprints, and maps, including the use of tools and instruments to produce precision technical drawings, working prototypes, components, or systems.",,,,
Detention,,"Knowledge of the policies and procedures for detaining criminal suspects including processing, fingerprinting, detention requests, informing detainee of charges, and transportation.",,,,
Developing Others,,Develops the ability of others to perform and contribute to the organization by providing ongoing feedback and by providing opportunities to learn through formal and informal methods.,,,,
Distributed Systems,,"Knowledge of the principles, theoretical concepts, and tools underlying distributed computing systems, including their associated components and communication standards.",,,,
Earth Science,,"Knowledge of interdisciplinary disciplines associated with the earth’s composition, structure, or other physical aspects, including atmosphere.",,,,
Ecology,,"Knowledge of the concepts, principles, and theories of the interrelationships among organisms and their environment, including competition and predation, evolution and natural selection, population dynamics, and the impact of natural phenomena or human actions on natural systems, processes, and biota.",,,,
Economics,,"Knowledge of economic policy, principles, and practices, market and non-market values, and the analysis and reporting of economic data.",,,,
Economics and Accounting,,"Knowledge of economic and accounting principles and practices, tax law and practices, the financial markets, banking, and the analysis and reporting of financial data.",,,,
Education and Training,,"Knowledge of teaching, training, research, making presentations, lecturing, testing, and other instructional methods.",,,,
Electrical,,"Knowledge of electrical equipment, components, instruments, and systems, including their design, installation, testing, uses, repair, or maintenance.",,,,
Electrical Engineering,,"Knowledge of the concepts, principles, theories, and methods related to the design, analysis, test, and integration of electrical systems; energy conversion; electrical power generation; and energy transmission, control, distribution or use.",,,,
Electronic Commerce (e-Commerce),,"Knowledge of the principles, methods, and tools for conducting business online, including electronic data interchange.",,,,
Electronics,,"Knowledge of electronic theory, circuits, components, and material properties (excluding computers).",,,,
Electronics Engineering,,"Knowledge of the concepts, principles, theories, and methods related to the design, analysis, test, fabrication, or verification of analog or digital electronic systems.",,,,
Embedded Computers,,"Knowledge of specifications and uses of specialized computer systems used to control devices (for example, automobiles, helicopters), including the appropriate programming languages.",,,,
Employee Benefits,,"Knowledge of HR concepts, principles, and practices related to retirement, insurance, injury compensation, and other employee benefits programs.",,,,
Employee Development,,"Knowledge of employee development concepts, principles, and practices related to planning, evaluating, and administering training, organizational development, and career development initiatives.",,,,
Employee Relations,,"Knowledge of laws, rules, regulations, case law, principles, and practices related to employee conduct, performance, and dispute resolution.",,,,
Encryption,,"Knowledge of procedures, tools, and applications used to keep data or information secure, including public key infrastructure, point-to-point encryption, and smart cards.",,,,
Engineering and Technology,,"Knowledge of engineering concepts, principles, and practices, and of equipment, tools, mechanical devices, and their uses to produce motion, light, power, technology, and other applications.",,,,
Enterprise Architecture,,"Knowledge of principles, concepts, and methods of enterprise architecture to align information technology (IT) strategy, plans, and systems with the mission, goals, structure, and processes of the organization.",,,,
Entomology,,"Knowledge of the concepts, principles, and theories of insects, including taxonomy, morphology, behavior, life cycles, population dynamics, host-insect interactions, the role of insects in natural and managed ecosystems, and the regulation, prevention, and control of pest-related problems.",,,,
Entrepreneurship,,Positions the organization for future success by identifying new opportunities, builds the organization by developing or improving products or services. Takes calculated risks to accomplish organizational objectives.,,,
Environmental Engineering,,"Knowledge of the concepts, principles, theories, and methods to protect and improve the quality of the environment and its resources; and to monitor, control, abate, and prevent pollutants.",,,,
External Awareness (*),(*),"Identifies and understands economic, political, and social trends that affect the organization.",,,,
External Awareness (‡),(‡),"Understands and keeps up-to-date on local, national, and international policies and trends that affect the organization and shape stakeholders' views; is aware of the organization's impact on the external environment.",,,,
Eye-Hand Coordination,,"Accurately coordinates one's eyes with one's fingers, wrists, or arms to perform job-related tasks (for example, to move, carry, or manipulate objects).",,,,
Facilities,,"Knowledge of the physical, engineering, and experimental equipment and operational characteristics of facilities, and safety and equipment development designed to support aerospace activities.",,,,
Federal Funds Processing,,"Knowledge of methods and procedures for processing direct and reimbursable program funds (for example, automatic and funded reimbursements, interagency agreements, transfer appropriations), grants, loans, and credit programs.",,,,
Financial Analysis,,"Knowledge of the principles, methods, and techniques of financial analysis, forecasting, and modeling to interpret quantitative and qualitative data; includes data modeling, earned value management, and evaluating key financial indicators, trends, and historical data.",,,,
Financial Assistance Mechanisms,,"Knowledge of the differences between acquisition and financial assistance purposes and requirements; knowledge of Federal assistance instruments, techniques, and procedures for grants (for example, block, mandatory, discretionary) and agreements (for example, cooperative, interagency).",,,,
Financial Management (*),(*),"Prepares, justifies, and/or administers the budget for program areas; plans, administers, and monitors expenditures to ensure cost-effective support of programs and policies; assesses financial condition of an organization.",,,,
Financial Management (‡),(‡),"Understands the organization's financial processes. Prepares, justifies, and administers the program budget.  Oversees procurement and contracting to achieve desired results.   Monitors expenditures and uses cost-benefit thinking to set priorities.",,,,
Financial Systems,,"Knowledge of the standards, architecture, and specifications of automated financial systems, including source documents, system flows, system interfaces, and related internal controls.",,,,
Fine Arts,,"Knowledge of theory and techniques required to produce, compose, and perform works of music, dance, visual arts, drama, and sculpture.",,,,
Fire Management,,"Knowledge of the concepts, principles, and theories of fire management, including the characteristics, behavior, and ecology of fire; methodologies, strategies, and equipment used in prescribed fires; fire detection, prevention, and suppression strategies; and integration of fire with natural resource management.",,,,
Firearms,,"Knowledge of firearm usage and related issues, such as ammunition, range regulations and safety and use of force policies.",,,,
First Response,,"Knowledge of emergency management methods, such as first aid, rescue techniques, and threat assessments.",,,,
Fishery Biology,,"Knowledge of the concepts, principles, and theories of aquatic life, including classification, taxonomy, population dynamics, distribution, habitat requirements, life histories, reproduction, behaviors, conservation, and care of aquatic species.",,,,
Flexibility (*),(*),"Is open to change and new information; adapts behavior or work methods in response to new information, changing conditions, or unexpected obstacles; effectively deals with ambiguity.",,,,
Flexibility (†),(†),"Is open to change and new information; adapts behavior or work methods in response to new information, changing conditions, or unexpected obstacles; effectively deals with uncertainty.",,,,
Flexibility (‡),(‡),"Is open to change and new information; rapidly adapts to new information, changing conditions, or unexpected obstacles.",,,,
Flight Systems,,"Knowledge of the concepts, principles, and theories related to the development, design, test, and evaluation of aerospace flight vehicles and their component subsystems, or their related external systems.",,,,
Fluid Dynamics and Mechanics,,"Knowledge of the concepts, principles, and theories of computational fluid dynamics, fluid mechanics, flight dynamics, flight structures, the force and motion mechanics of vehicles in various atmospheric and celestial environments, aerothermodynamics, and the characteristics of electrically conducting fluids under the action of magnetic and electric fields.",,,,
Food Production,,"Knowledge of planning, growing, and harvesting of food for consumption using appropriate equipment and techniques.",,,,
Food Service,,Knowledge of preparing and serving food for consumption.,,,,
Foreign Language,,"Knowledge of sign language or of the structure and content of a foreign (non-English) language, including the meaning and spelling of words, rules of composition, and grammar.",,,,
Forensics,,"Knowledge of procedures of civil, criminal, or administrative hearings, evidence collection, including the delivery and receipt of evidence, classes of evidence, and rules of evidence and legal procedures.",,,,
Forest Management,,"Knowledge of the concepts, principles, and theories of silviculture and forest ecology, forest use, management, harvesting, conducting inventories, regeneration, sustainability, and conservation; and the role of disturbances in timberland resources.",,,,
General Engineering,,"Knowledge of the concepts, principles, and theories of engineering and their practical applications.",,,,
Genetics,,"Knowledge of the concepts, principles, and theories of genetics, including the biochemistry of DNA, gene interaction, gene expression, gene inheritance, population genetics, adaptation, and evolution.",,,,
Geography,,"Knowledge of geographical locations, their relationships and characteristics.",,,,
Geographical Sciences,,"Knowledge of the concepts, principles, theories, and methods for describing the location and distribution of land, sea, and air masses, including their physical locations, relationships, characteristics, and what the land supports.",,,,
Geology,,"Knowledge of the concepts, principles, and theories of the origins and structure of the earth, including the physical forces that have shaped it and its physical and organic history.",,,,
Geophysics,,"Knowledge of the concepts, principles, and theories related to solid earth structure, global seismic patterns, lithosphere, atmosphere, and the behavior of the earth’s gravitational, magnetic, and electrical fields, and other forces affecting the earth and its environment.",,,,
Geotechnical Engineering,,"Knowledge of the concepts, principles, theories, and methods related to the investigation and evaluation of subsurface soil or geologic conditions and properties for the purpose of designing stable foundation systems, earthen structures, or the remediation of subsurface conditions.",,,,
Grants Management,,"Knowledge of requirements, practices, and procedures for soliciting, receiving, reviewing, and processing proposals, and awarding and administering grants and agreements.",,,,
"Grants Management Laws, Regulations, and Guidelines",,"Knowledge of principles, laws, regulations, policies, practices, and guidelines (for example, Executive Orders, Code of Federal Regulations, OMB circulars) of grant or agreement programs, including their order of precedence.",,,,
Hardware,,"Knowledge of specifications, uses, and types of computer or computer-related equipment.",,,,
Hardware Engineering,,"Knowledge of the principles, methods, and tools for designing, developing, and testing computer or computer-related equipment.",,,,
Hazardous Materials,,"Knowledge of hazardous materials and waste and their uses, interactions, dangers, production, handling, storage, and disposal.",,,,
Health Physics,,"Knowledge of the concepts, principles, theories, and methods pertaining to the protection of people, their environment, and equipment from hazards (for example, radiation or hazardous chemicals) and the control of radioactive material.",,,,
History and Archeology,,"Knowledge of historical events and their causes, indicators, and impact on particular civilization and cultures, and of preservation and archival techniques.",,,,
Horticulture,,"Knowledge of cultivating flowers, plants, and trees.",,,,
Horticultural Sciences,,"Knowledge of the concepts, principles, theories, and practices of cultivation or crop management, physiological processes in plant growth and crop yield.",,,,
HR Information Systems,,"Knowledge of HR management concepts, principles, and practices related to identifying and analyzing HR processes, translating functional requirements into technical requirements, and delivering and maintaining HR information systems.",,,,
Human Capital Management,,"Builds and manages workforce based on organizational goals, budget considerations, and staffing needs. Ensures that employees are appropriately recruited, selected, appraised, and rewarded; takes action to address performance problems. Manages a multi-sector workforce and a variety of work situations.",,,,
Human Factors,,"Knowledge of the principles, methods, and tools used to identify and apply information about human behavior, abilities, limitations, and other characteristics to the design of tools, machines, systems, tasks, jobs, and environments for effective human use.",,,,
Hydraulic Engineering,,"Knowledge of the concepts, principles, theories, and methods applicable to analysis of the flow of fluids (open channel and pressure flow), estimation of river stages, and design of hydraulic structures, drainage structures, pipes, navigation facilities, reservoirs, locks, and dams.",,,,
Hydrology,,"Knowledge of the concepts, principles, theories, and methods related to the magnitude, distribution, and quality of water resources including watershed management, climatology, geomorphology, groundwater hydrology, water quality, water resource management, and groundwater/surface water interactions.",,,,
Identity Management,,"Knowledge of methods and controls to validate the identity of individuals to verify access approval and level, and monitor activity to ensure that only authorized access is taking place.",,,,
Incident Management,,"Knowledge of the tactics, technologies, principles, and processes to protect, analyze, prioritize, and handle incidents.",,,,
Industrial Equipment Operation,,Knowledge of principles and methods for operating industrial equipment.,,,,
Influencing/Negotiating (*),(*),"Persuades others to accept recommendations, cooperate, or change their behavior; works with others towards an agreement; negotiates to find mutually acceptable solutions.",,,,
Influencing/Negotiating (‡),(‡),Persuades others, builds consensus through give and take, gains cooperation from others to obtain information and accomplish goals.,,
Information Assurance,,"Knowledge of methods and procedures to protect information systems and data by ensuring their availability, authentication, confidentiality, and integrity.",,,,
Information Management,,Identifies a need for and knows where or how to gather information, organizes and maintains information or information management systems.,,,
Information Resources Strategy and Planning,,"Knowledge of the principles, methods, and techniques of information technology (IT) assessment, planning, management, monitoring, and evaluation, such as IT baseline assessment, interagency functional analysis, contingency planning, and disaster recovery.",,,,
Information Systems Security Certification,,"Knowledge of the principles, methods, and tools for evaluating information systems security features against a set of specified security requirements. Includes developing security certification and accreditation plans and procedures, documenting deficiencies, reporting corrective actions, and recommending changes to improve the security of information systems.",,,,
Information Systems/Network Security,,"Knowledge of methods, tools, and procedures, including development of information security plans, to prevent information systems vulnerabilities, and provide or restore security of information systems and network services.",,,,
Information Technology Architecture,,"Knowledge of architectural methodologies used in the design and development of information systems, including the physical structure of a system's internal operations and interactions with other systems.",,,,
Information Technology Performance Assessment,,"Knowledge of the principles, methods, and tools (for example, surveys, system performance measures) to assess the effectiveness and practicality of information technology systems.",,,,
Information Technology Program Management,,"Knowledge of the principles, methods, and tools for the coordinated management of an IT program to include providing oversight of multiple IT projects, integrating dependent schedules and deliverables, and related activities (for example, benefits management, life cycle management, program governance).",,,,
Information Technology Research and Development,,"Knowledge of scientific principles, methods, and tools of basic and applied research used to conduct a systematic inquiry into a subject matter area.",,,,
Infrastructure Design,,"Knowledge of the architecture and typology of software, hardware, and networks, including LANS, WANS, and telecommunications systems, their components and associated protocols and standards, and how they operate and integrate with one another and with associated controlling software.",,,,
Insurance,,"Knowledge of various types of insurance, insurance regulations, claims processing, examination, adjudication, or adjustment.",,,,
Integrity/Honesty (*),(*),"Contributes to maintaining the integrity of the organization; displays high standards of ethical conduct and understands the impact of violating these standards on an organization, self, and others; is trustworthy.",,,,
Integrity/Honesty (‡),(‡),"Behaves in an honest, fair, and ethical manner. Shows consistency in words and actions. Models high standards of ethics.",,,,
Internal Controls,,"Knowledge of the principles, methods, and techniques for establishing internal control activities (for example, authorizations, verifications, reconciliations), monitoring their use, and evaluating their performance (for example, identification of material weaknesses or significant deficiencies).",,,,
Interpersonal Skills (*),(*),"Shows understanding, friendliness, courtesy, tact, empathy, concern, and politeness to others; develops and maintains effective relationships with others; may include effectively dealing with individuals who are difficult, hostile, or distressed; relates well to people from varied backgrounds and different situations; is sensitive to cultural diversity, race, gender, disabilities, and other individual differences.",,,,
Interpersonal Skills (‡),(‡),"Treats others with courtesy, sensitivity, and respect.  Considers and responds appropriately to the needs and feelings of different people in different situations.",,,,
IT Modeling and Simulation,,"Knowledge of mathematical modeling and simulation tools and techniques to plan and conduct test and evaluation programs, characterize systems support decisions involving requirements, evaluate design alternatives, or support operational preparation.",,,,
Knowledge Management,,Knowledge of the value of collected information and the methods of sharing that information throughout an organization.,,,,
Labor Law,,"Knowledge of state and Federal employment laws, regulations, guidelines, and legal precedents related to hiring practices, equal employment opportunity, and wage and hour restrictions.",,,,
Labor Relations,,"Knowledge of laws, rules, regulations, case law, principles, and practices related to negotiating and administering labor agreements.",,,,
Landscape Architecture,,"Knowledge of the concepts, theories, and practices used in the planning, designing, construction, and adaptation of outdoor features, taking into consideration recreation planning, requirements, aesthetic value, and compatibility with other developments and resources.",,,,
Leadership,,"Influences, motivates, and challenges others; adapts leadership styles to a variety of situations.",,,,
Learning,,"Uses efficient learning techniques to acquire and apply new knowledge and skills; uses training, feedback, or other opportunities for self-learning and development.",,,,
"Legal, Government, and Jurisprudence",,"Knowledge of laws, legal codes, court procedures, precedents, legal practices and documents, Government regulations, Executive orders, agency rules, Government organization and functions, and the democratic political process.",,,,
Leveraging Diversity,,Fosters an inclusive workplace where diversity and individual differences are valued and leveraged to achieve the vision and mission of the organization.,,,,
Life Sciences and Systems,,Knowledge of life sciences that involve the theoretical and experimental research of life systems.,,,,
Listening,,"Receives, attends to, interprets, and responds to verbal messages and other cues such as body language in ways that are appropriate to listeners and situations.",,,,
Logical Systems Design,,"Knowledge of the principles and methods for designing business logic components, system processes and outputs, user interfaces, data inputs, and productivity tools (for example, computer-aided software engineering).",,,,
Manages and Organizes Information,,"Identifies a need; gathers, organizes, and maintains information; determines its importance and accuracy, and communicates it by a variety of methods.",,,,
Manages Human Resources,,"Plans, distributes, and monitors work assignments; evaluates work performance and provides feedback to others on their performance.",,,,
Manages Resources,,"Selects, acquires, stores, and distributes resources such as materials, equipment, or money.",,,,
Managing Human Resources,,"Plans, distributes, coordinates, and monitors work assignments of others; evaluates work performance and provides feedback to others on their performance; ensures that staff are appropriately selected, utilized, and developed, and that they are treated in a fair and equitable manner.",,,,
Manufacturing,,"Knowledge of the specifications, tools, inputs, raw materials, outputs, and waste related to the manufacture of prototypes, models, systems, or other products.",,,,
Materials Engineering,,"Knowledge of the concepts, principles, theories, and methods related to the composition, structures, and properties of materials, their use, behavior and performance under environmental influences, and the identification, processing, and manufacture of optimal materials for various applications.",,,,
Mathematical Reasoning,,Solves practical problems by choosing appropriately from a variety of mathematical and statistical techniques.,,,,
Measurement and Instrumentation,,"Knowledge of electronics and related electrical engineering disciplines necessary for the research and development of sensors, electronic measurement devices, and instrumentation systems for aerospace systems and components.",,,,
Mechanical (*),(*),"Knowledge of machines and tools, including their designs, uses, benefits, repair, and maintenance.",,,,
Mechanical (†),(†),"Knowledge of machines and tools, including their designs, installation, uses, repair, and maintenance.",,,,
Mechanical Engineering,,"Knowledge of the concepts, principles, theories, and methods related to planning, designing, developing, testing, or evaluating thermodynamic, mechanical, electro-mechanical, pneumatic, hydraulic, or structural equipment, systems, models, tools, or specialized mechanical devices.",,,,
Mechanics,,"Knowledge of machines and tools, including their design, use, benefits, repair, operation, and maintenance.",,,,
Medicine and Dentistry,,"Knowledge of the diagnosis and treatment of injuries, diseases, and deformities, including preventive health-care measures.",,,,
Memory,,Recalls information that has been presented previously.,,,,
Mental Visualization,,"Sees things in the mind by mentally organizing and processing symbols, pictures, graphs, objects, or other information (for example, sees a building from a blueprint, or sees the flow of work activities from reading a work plan).",,,,
Metal Processing and Metalworking,,"Knowledge of materials, methods, and appropriate tools to process, treat, form, or shape metal.",,,,
Metallurgy,,"Knowledge of the concepts, principles, and theories related to the study of extracting, refining, alloying, and preparing metals for use; and their properties and behavior as affected by the composition, treatment in manufacture, and conditions of use.",,,,
Mine Safety and Health,,"Knowledge of mine safety and health principles and practices, techniques and procedures, regulations, and standards as they apply to conducting inspections/investigations, identifying and evaluating unsafe conditions, and recommending methods to correct unsafe conditions.",,,,
Mining Engineering,,"Knowledge of the concepts, principles, theories, and methods related to rock mechanics; the exploration, excavation, extraction, processing and transporting of mineral resources; and the conservation and development of mineral lands, materials, and deposits.",,,,
Modeling and Simulation,,"Knowledge of the tools and techniques used to develop functional, physical, or prototype models and simulations for test and evaluation programs, the prediction of behavior and phenomena, and to visually communicate concepts.",,,,
Multimedia Technologies,,"Knowledge of the principles, methods, tools, and techniques to develop or apply technology using text, audio, graphics, or other media.",,,,
Negotiation,,Works with others towards an agreement that may involve exchanging specific resources or resolving differences.,,,,
Network Management,,"Knowledge of the operation, management, and maintenance of network and telecommunication systems and linked systems and peripherals.",,,,
Nuclear Engineering,,"Knowledge of the concepts, principles, theories, and application of nuclear technologies including research, development, construction, operation, testing, and maintenance of nuclear reactors, radiation generating devices, and associated systems and equipment.",,,,
Nuclear Physics,,"Knowledge of the concepts, principles, theories, and methods related to the prediction of nuclear interactions and reactions, including practices and methods used to produce, measure, use, or observe such reactions in stars, nuclear weapons systems, and radiation shielding.",,,,
Object Technology,,"Knowledge of the principles, methods, tools, and techniques that use object-oriented languages, analysis, and design methodologies.",,,,
Operating Systems,,"Knowledge of computer network, desktop, and mainframe operating systems and their applications.",,,,
Operations,,"Knowledge of engineering or physical science disciplines to support space flight operations, training or planning; serving as an astronaut or mission specialist.",,,,
Operations Support,,"Knowledge of procedures to ensure production or delivery of products and services, including tools and mechanisms for distributing new or enhanced software.",,,,
Oral Communication (*),(*),"Expresses information (for example, ideas or facts) to individuals or groups effectively, taking into account the audience and nature of the information (for example, technical, sensitive, controversial); makes clear and convincing oral presentations; listens to others, attends to nonverbal cues, and responds appropriately.",,,,
Oral Communication (‡),(‡),Makes clear and convincing oral presentations. Listens effectively, clarifies information as needed.,,,
Organizational Awareness,,"Knows the organization's mission and functions, and how its social, political, and technological systems work and operates effectively within them; this includes the programs, policies, procedures, rules, and regulations of the organization.",,,,
Organizational Development,,"Knowledge of the principles of organizational development and change management theories, and their applications.",,,,
Organizational Performance Analysis,,"Knowledge of the methods, techniques, and tools used to analyze program, organizational, and mission performance; includes methods that deliver key performance information (for example, comparative, trend, diagnostic, root cause, predictive) used to inform decisions, actions, communications, and accountability systems.",,,,
Painting,,"Knowledge of materials, methods, and appropriate tools to apply paint and other protective coating materials on drywall, wood, metal, glass, and other surfaces.",,,,
Partnering,,Develops networks and builds alliances, collaborates across boundaries to build strategic relationships and achieve common goals.,,,
Pathology,,"Knowledge of the concepts, principles, and theories of plant, insect, or animal diseases and host/pathogen relationships, including effects on natural and managed ecosystems.",,,,
Perceptual Speed,,"Quickly and accurately sees detail in words, numbers, pictures, and graphs.",,,,
Performance Management,,"Knowledge of performance management concepts, principles, and practices related to planning, monitoring, rating, and rewarding employee performance.",,,,
Performance Measurement,,"Knowledge of the principles and methods for evaluating program or organizational performance using financial and nonfinancial measures, including identification of evaluation factors (for example, workload, personnel requirements), metrics, and outcomes.",,,,
Peripheral Vision,,Sees objects or movement of objects to one’s side when the eyes are focused forward.,,,,
Personnel and Human Resources,,"Knowledge of hiring, classification, benefits, labor relations, negotiation, and Federal, state, and local employment regulations.",,,,
Personnel Security and Safety,,"Knowledge of methods and controls of personnel, public safety, and security operations; investigation and inspection techniques; or rules, regulations, precautions, and prevention techniques for the protection of people, data, or property.",,,,
Pest Control,,"Knowledge of pest species and the methods and materials, including chemicals, for control or prevention.",,,,
Petroleum Engineering,,"Knowledge of the concepts, principles, theories, and methods related to the exploration, development, extraction, recovery, processing, and conservation of fluid minerals, geothermal resources, organic compounds, or natural gas resources.",,,,
Philosophy,,"Knowledge of different philosophical systems, including their basic principles, values, ethics, ways of  thinking, customs, religions, and practices, and their impact on human culture.",,,,
Physical Security,,"Knowledge of methods and controls to protect an organization from natural or man-made threats to physical locations where information systems equipment is located or work is performed (for example, computer rooms, work locations, and equipment rooms).",,,,
Physical Strength,,"Exerts maximum muscle force to lift, push, pull, or carry objects; performs moderately laboring work.",,,,
Physical Strength and Agility,,"Ability to bend, lift, climb, stand, and walk for long periods of time; ability to perform moderately heavy laboring work.",,,,
Physics,,"Knowledge and prediction of physical principles, laws, and applications including air, water, material dynamics, light, atomic principles, heat, electric theory, earth formations, and meteorological and related natural phenomena.",,,,
Physical Sciences,,"Knowledge of the concepts, principles, theories, and methods to investigate and apply the relations between space, time, matter, and energy in the areas of gravity, atomic principles, mechanics, heat, light, sound, electricity, magnetism, and related natural phenomena.",,,,
Planning and Evaluating,,"Organizes work, sets priorities, and determines resource requirements; determines short- or long-term goals and strategies to achieve them; coordinates with other organizations or parts of the organization to accomplish goals; monitors progress and evaluates outcomes.",,,,
Plumbing and Pipefitting,,"Knowledge of materials, methods, and the appropriate tools to install, maintain, or repair pipelines, pipe systems, and fixtures, including water, air, steam, gas, chemicals, or sewage.",,,,
Political Savvy,,Identifies the internal and external politics that impact the work of the organization. Perceives organizational and political reality and acts accordingly.,,,,
Principles of Accounting,,"Knowledge of generally accepted accounting principles, standards, and practices (for example, double entry accounting, accrual accounting), including the full accounting cycle and the preparation of work sheets, financial statements, ledgers, and journals.",,,,
Principles of Finance,,"Knowledge of the basic principles, practices, and methods of financial management to include requisitions, apportionments, allotments, investments, fiscal management, activity reporting, and fiscal year guidelines.",,,,
Problem Solving (*),(*),"Identifies problems; determines accuracy and relevance of information; uses sound judgment to generate and evaluate alternatives, and to make recommendations.",,,,
Problem Solving (‡),(‡),Identifies and analyzes problems, weighs relevance and accuracy of information, generates and evaluates alternative solutions, makes recommendations.,
Process Control,,"Knowledge of the principles, methods, and procedures used for the automated control of a process, including the design, development, and maintenance of associated software, hardware, and systems.",,,,
Product Evaluation,,Knowledge of methods for researching and analyzing external products to determine their potential for meeting organizational standards and business needs.,,,,
Production and Processing,,"Knowledge of inputs, outputs, raw materials, waste, quality control, costs, maintaining inventory, and techniques for maximizing the manufacture and distribution of goods.",,,,
Project Management,,"Knowledge of the principles, methods, or tools for developing, scheduling, coordinating, and managing projects and resources, including monitoring and inspecting costs, work, and contractor performance.",,,,
Propulsion and Power,,"Knowledge of the concepts, principles, and theories of liquid, solid, electrical, chemical, electrochemical, or nuclear propulsion and power generation systems, their component parts and subsystems, and the direct and indirect conversion of energy into power for various applications.",,,,
Psychology,,"Knowledge of the concepts, principles, and theories of human behavior and performance in various contexts, mental processes, or the assessment and treatment of behavioral and affective disorders.",,,,
Public Planning,,"Knowledge of functions, principles, methods, and techniques of public planning, including those related to community planning, outdoor recreation planning, and natural resource management, such as demand forecasting, environmental impact analysis, financial forecasting, and land use planning and zoning.",,,,
Public Safety and Security,,"Knowledge of military, weaponry, and intelligence operations; public safety and security operations; occupational health and safety; investigation and inspection techniques; or rules, regulations, precautions, and prevention techniques for the protection of people, data, and property.",,,,
Public Service Motivation,,Shows a commitment to serve the public. Ensures that actions meet public needs, aligns organizational objectives and practices with public interests.,,,
Quality Assurance,,"Knowledge of the principles, methods, and tools of quality assurance and quality control used to ensure a product fulfills functional requirements and standards.",,,,
Quality Management,,"Knowledge of the principles, methods, and tools of quality assurance, quality control, and reliability used to ensure that a project, system, or product fulfills requirements and standards.",,,,
Rangeland Management,,"Knowledge of the concepts, principles, and theories of non-forested or forested land ecosystems, including rangeland use, management, and monitoring; conducting inventories; and the role of disturbances in rangeland ecosystems.",,,,
Reading (*),(*),"Understands and interprets written material, including technical material, rules, regulations, instructions, reports, charts, graphs, or tables; applies what is learned from written material to specific situations.",,,,
Reading (†),(†),"Understands and interprets written material, including technical materials, rules, regulations, instructions, reports, charts, graphs, or tables; applies what is learned from written material to specific situations.",,,,
Reading Comprehension,,"Understands and interprets written material, including technical material, rules, regulations, instructions, reports, charts, graphs, or tables; applies what is learned from written material to specific situations.",,,,
Real Estate,,"Knowledge of real estate principles, practices, markets, and values.",,,,
Reasoning,,"Identifies rules, principles, or relationships that explain facts, data, or other information; analyzes information and makes correct inferences or draws accurate conclusions.",,,,
Recruitment/Placement,,"Knowledge of HR concepts, principles, and practices related to identifying, attracting, and selecting individuals and placing them into positions to address changing organizational needs.",,,,
Remote Sensing,,"Knowledge of the concepts, principles, theories, and methods necessary to obtain, use, and interpret data from remote sensing sources, including aircrafts and satellites.",,,,
Requirements Analysis,,"Knowledge of the principles and methods to identify, analyze, specify, design, and manage functional and infrastructure requirements; includes translating functional requirements into technical requirements used for logical design or presenting alternative technologies or approaches.",,,,
Research,,"Knowledge of the scientific principles, methods, and processes used to conduct a systematic and objective inquiry; including study design, collection, analysis, and interpretation of data; and the reporting of results.",,,,
Resilience,,"Deals effectively with pressure; remains optimistic and persistent, even under adversity. Recovers quickly from setbacks.",,,,
Restraint and Self-defense,,"Knowledge of techniques and methods used to restrain hostile individuals, including the models and guidelines on appropriate level and nature of force for self-defense.",,,,
Risk Management,,"Knowledge of the principles, methods, and tools used for risk assessment and mitigation, including assessment of failures and their consequences.",,,,
Road Work and Pavement,,"Knowledge of materials, methods, and appropriate tools to construct, maintain, or repair road surfaces, including sidewalks, parking lots, runways, etc.",,,,
Safety Engineering,,"Knowledge of the concepts, principles, theories, and methods to identify, control, mitigate, and eliminate safety hazards in the design and use of facilities, equipment, operations, and work processes.",,,,
Sales and Marketing,,"Knowledge of showing, promoting, and selling products and services.",,,,
Search,,"Knowledge of the laws, principles and methods of conducting searches on personal property such as vehicles, documents, buildings, and items.",,,,
Security,,"Knowledge of the laws, regulations, and guidelines related to securing personnel, facilities, and information, including the requirements for handling, transporting, and protecting classified information and proper reporting of security incidents.",,,,
Seizure,,"Knowledge of the laws, regulations, and procedures for property seizure, including chain of custody requirements and procedures to catalog and secure seized property.",,,,
Self-Esteem (*),(*),Believes in own self-worth, maintains a positive view of self and displays a professional image.,,,
Self-Esteem (†),(†),"Believes in own self-worth; maintains a positive view of self and displays a confident, capable image.",,,,
Self-Management,,"Sets well-defined and realistic personal goals; displays a high level of initiative, effort, and commitment towards completing assignments in a timely manner; works with minimal supervision; is motivated to achieve; demonstrates responsible behavior.",,,,
Sociology and Anthropology,,"Knowledge of the concepts, principles, and theories of group behavior and dynamics; societal trends and influences; and cultures, their history, migrations, ethnicity, and origins.",,,,
Software Development,,"Knowledge of the principles, methods, and tools for designing, developing, and testing software in a given environment.",,,,
Software Engineering,,"Knowledge of software engineering design and development methodologies, paradigms, and tools; the software life cycle; software reusability; and software reliability metrics.",,,,
Software Testing and Evaluation,,"Knowledge of the principles, methods, and tools for analyzing and developing software test and evaluation procedures.",,,,
Soil Science,,"Knowledge of the concepts, principles, or theories of soil composition, formation, classification, mapping, testing, and management, including erosion, pollution, conservation, and watershed management.",,,,
Space Science,,Knowledge of physical science and engineering necessary to conduct research or study the solar system and beyond.,,,,
Spatial Orientation,,"Knows one's location in relation to the environment; determines where other objects are in relation to one's self (for example, when using a map).",,,,
Speaking,,Uses correct English grammar to organize and communicate ideas in words that are appropriate to listeners and situations, uses body language appropriately.,,,
Stakeholder Management,,"Knowledge of the concepts, practices, and techniques used to identify, engage, influence, and monitor relationships with individuals and groups connected to a work effort; including those actively involved, those who exert influence over the process and its results, and those who have a vested interest in the outcome (positive or negative).",,,,
Stamina (*),(*),Exerts oneself physically over long periods of time without tiring (which may include performing repetitive tasks such as data entry or coding).,,,,
Stamina (†),(†),Exerts oneself physically over long periods of time without tiring (which may include performing repetitive tasks such as hammering or lifting objects).,,,,
Standards,,Knowledge of standards that either are compliant with or derived from established standards or guidelines.,,,,
Strategic Thinking (‡),(‡),"Formulates objectives and priorities, and implements plans consistent with the long-term interests of the organization in a global environment.  Capitalizes on opportunities and manages risks.",,,,
Strategic Thinking (*),(*),Formulates effective strategies consistent with the business and competitive strategy of the organization in a global economy. Examines policy issues and strategic planning with a long-term perspective. Determines objectives and sets priorities, anticipates potential threats or opportunities.,,,
Stress Tolerance,,"Deals calmly and effectively with high stress situations (for example, tight deadlines, hostile individuals, emergency situations, dangerous situations).",,,,
Structural Engineering,,"Knowledge of the concepts, principles, theories, and methods related to the design and analysis of complex structures using a variety of materials. Structures may include aerospace systems or structures, and other determinate or indeterminate systems.",,,,
Surveillance,,"Knowledge of surveillance and counter-surveillance techniques, policies, and laws, including overt and covert methods and electronic, optical, and video surveillance methods and tools.",,,,
Surveying,,"Knowledge of the concepts, principles, theories, and methods used in the measurement or determination of land boundaries, distances, elevations, areas, angles, and other features of the earth’s surface.",,,,
Systems Engineering,,Knowledge of the practice of integrating multiple disciplines into a team as part of a structured development process throughout a system's life cycle.,,,,
Systems Integration,,"Knowledge of the principles, methods, and procedures for installing, integrating, and optimizing information systems components.",,,,
Systems Life Cycle,,"Knowledge of systems life cycle management concepts used to plan, develop, implement, operate, and maintain information systems.",,,,
Systems Testing and Evaluation,,"Knowledge of principles, methods, and tools for analyzing and developing systems testing and evaluation procedures and technical characteristics of IT systems, including identifying critical operational issues.",,,,
Tax Law,,"Knowledge of accounting and tax law for individuals, sole proprietorships, partnerships, and corporations.",,,,
Teaches Others,,Helps others learn, identifies training needs, provides constructive reinforcement, coaches others on how to perform tasks, acts as a mentor.
Teaching Others,,Helps others learn through formal or informal methods, identifies training needs, provides constructive feedback, coaches others on how to perform tasks, acts as a mentor.
Team Building,,"Inspires and fosters team commitment, spirit, pride, and trust. Facilitates cooperation and motivates team members to accomplish group goals.",,,,
Teamwork,,"Encourages and facilitates cooperation, pride, trust, and group identity; fosters commitment and team spirit; works with others to achieve goals.",,,,
Technical Competence,,"Uses knowledge that is acquired through formal training or extensive on-the-job experience to perform one's job; works with, understands, and evaluates technical information related to the job; advises others on technical issues.",,,,
Technical Credibility,,"Understands and appropriately applies principles, procedures, requirements, regulations, and policies related to specialized expertise.",,,,
Technical Documentation,,Knowledge of procedures for developing technical and operational support documentation.,,,,
Technical Problem Solving,,"Troubleshoots, diagnoses, analyzes, and identifies system malfunctions to determine the source and cause of the problem.",,,,
Technology Application,,"Uses machines, tools, instruments, or equipment effectively; uses computers and computer applications to analyze and communicate information in the appropriate format.",,,,
Technology Awareness,,"Knowledge of developments and new applications of information technology (hardware, software, telecommunications), emerging technologies and their applications to business processes, and applications and implementation of information systems to meet organizational requirements.",,,,
Technology Management,,Keeps up-to-date on technological developments.  Makes effective use of technology to achieve results.  Ensures access to and security of technology systems.,,,,
Telecommunications,,"Knowledge of the concepts, principles, and theories of transmissions, broadcasting, switching, control, construction, or operation of telecommunications systems.",,,,
Textiles,,"Knowledge of materials, methods, and appropriate tools to make and repair items made of fabric or leather.",,,,
Therapy and Counseling,,"Knowledge of diagnosis and treatment of physical and mental ailments, and career guidance.",,,,
Toolmaking,,"Knowledge of materials, methods, and appropriate tools to make or repair metal parts, tools, gauges, models,  patterns, and machines.",,,,
Transportation,,"Knowledge of principles and methods for moving people or goods by air, rail, sea, or road, including costs and limits.",,,,
Transportation Engineering,,"Knowledge of the concepts, principles, theories, and methods applicable to planning, designing, and constructing of transportation systems including traffic analysis, signal analysis, highway capacity, pavement design, bridge construction, planning of transportation projects, environmental analysis of transportation facilities, and transportation network analysis.",,,,
Vehicle Maintenance,,"Knowledge of motor vehicle engines, parts, and systems, including their designs, uses, repair, and maintenance.",,,,
Vehicle Operation,,"Knowledge of procedures for operating motor vehicles, including cars, trucks, or watercraft.",,,,
Vision (*),(*),Understands where the organization is headed and how to make a contribution, takes a long-term view and recognizes opportunities to help the organization accomplish its objectives or move toward the vision.,,,
Vision (‡),(‡),Takes a long-term view and builds a shared vision with others, acts as a catalyst for organizational change.  Influences others to translate vision into action.,,,
Visual Color Discrimination,,"Accurately matches or detects differences among colors, including shades of color and brightness.",,,,
Visual Identification,,"Accurately identifies people, animals, or objects based on knowledge of their characteristics.",,,,
Vulnerabilities Assessment,,"Knowledge of the principles, methods, and tools for assessing vulnerabilities, and developing or recommending appropriate mitigation countermeasures.",,,,
Web Technology,,"Knowledge of the principles and methods of web technologies, tools, and delivery systems, including web security, privacy policy practices, and user interface issues.",,,,
Wildlife Biology,,"Knowledge of the concepts, principles, and theories of wildlife, including classification, taxonomy, population dynamics, distribution, habitat requirements, life histories, reproduction, behaviors, conservation, and care of wildlife.",,,,
Workforce Planning,,"Knowledge of HR concepts, principles, and practices related to determining workload projections and current and future competency gaps to align human capital with organizational goals.",,,,
Writing (*),(*),"Recognizes or uses correct English grammar, punctuation, and spelling; communicates information (for example, facts, ideas, or messages) in a succinct and organized manner; produces written information, which may include technical material, that is appropriate for the intended audience.",,,,
Writing (†),(†),"Recognizes or uses correct English grammar, punctuation, and spelling; communicates information (for example, facts, ideas, or messages) in a brief, clear, and organized manner; produces written information, which may include technical material, that is appropriate for the intended audience.",,,,
Written Communication,,"Writes in a clear, concise, organized, and convincing manner for the intended audience.",,,,
